geo\time;ISSO;2013
Belgium;BE;-0.49999
Bulgaria;BG;0.30001
Czechia;CZ;-1.39999
Denmark;DK;6.90001
Germany;DE;6.60001
Estonia;EE;0.00001
Ireland;IE;-1.19999
Greece;GR;-5.29999
Spain;ES;-0.59999
France;FR;-0.79999
Croatia;HR;0.00001
Italy;IT;-0.79999
Cyprus;CY;-4.99999
Latvia;LV;-3.19999
Lithuania;LT;-1.69999
Luxembourg;LU;5.70001
Hungary;HU;2.10001
Malta;MT;-0.79999
Netherlands;NL;9.50001
Austria;AT;1.70001
Poland;PL;-3.39999
Portugal;PT;-2.09999
Romania;RO;-3.59999
Slovenia;SI;2.20001
Slovakia;SK;-0.69999
Finland;FI;-2.09999
Sweden;SE;5.50001
United Kingdom;GB;-3.59999
