geo\time;ISSO;2007
Belgium;BE;2.00001
Bulgaria;BG;-17.49999
Czechia;CZ;-3.09999
Denmark;DK;3.00001
Germany;DE;5.70001
Estonia;EE;-12.89999
Ireland;IE;-5.09999
Greece;GR;-11.79999
Spain;ES;-8.69999
France;FR;0.10001
Croatia;HR;-6.39999
Italy;IT;-1.29999
Cyprus;CY;-8.59999
Latvia;LV;-17.69999
Lithuania;LT;-11.19999
Luxembourg;LU;10.20001
Hungary;HU;-6.99999
Malta;MT;-4.99999
Netherlands;NL;7.70001
Austria;AT;3.10001
Poland;PL;-4.29999
Portugal;PT;-10.09999
Romania;RO;-10.79999
Slovenia;SI;-2.59999
Slovakia;SK;-8.69999
Finland;FI;3.50001
Sweden;SE;7.50001
United Kingdom;GB;-2.89999
