geo\time;ISSO;2014
Belgium;BE;-0.39999
Bulgaria;BG;0.60001
Czechia;CZ;-0.59999
Denmark;DK;7.70001
Germany;DE;6.90001
Estonia;EE;-0.19999
Ireland;IE;-0.29999
Greece;GR;-2.49999
Spain;ES;0.80001
France;FR;-0.79999
Croatia;HR;0.90001
Italy;IT;0.90001
Cyprus;CY;-5.09999
Latvia;LV;-2.69999
Lithuania;LT;0.90001
Luxembourg;LU;5.40001
Hungary;HU;2.30001
Malta;MT;1.80001
Netherlands;NL;9.50001
Austria;AT;2.00001
Poland;PL;-2.39999
Portugal;PT;0.00001
Romania;RO;-2.19999
Slovenia;SI;4.10001
Slovakia;SK;1.30001
Finland;FI;-2.09999
Sweden;SE;5.10001
United Kingdom;GB;-4.59999
