geo\time;ISSO;2011
Belgium;BE;-0.09999
Bulgaria;BG;-3.19999
Czechia;CZ;-2.59999
Denmark;DK;5.50001
Germany;DE;5.90001
Estonia;EE;1.90001
Ireland;IE;-2.49999
Greece;GR;-11.19999
Spain;ES;-3.79999
France;FR;-0.69999
Croatia;HR;-2.39999
Italy;IT;-2.79999
Cyprus;CY;-7.69999
Latvia;LV;2.20001
Lithuania;LT;-1.49999
Luxembourg;LU;6.60001
Hungary;HU;0.10001
Malta;MT;-5.59999
Netherlands;NL;7.00001
Austria;AT;2.40001
Poland;PL;-4.79999
Portugal;PT;-8.89999
Romania;RO;-4.89999
Slovenia;SI;-0.19999
Slovakia;SK;-4.39999
Finland;FI;0.30001
Sweden;SE;5.80001
United Kingdom;GB;-2.99999
