geo\time;ISSO;2016
Belgium;BE;-0.79999
Bulgaria;BG;1.30001
Czechia;CZ;0.70001
Denmark;DK;8.40001
Germany;DE;8.00001
Estonia;EE;1.50001
Ireland;IE;0.40001
Greece;GR;-1.39999
Spain;ES;1.50001
France;FR;-0.69999
Croatia;HR;3.00001
Italy;IT;1.90001
Cyprus;CY;-3.59999
Latvia;LV;-0.19999
Lithuania;LT;0.00001
Luxembourg;LU;5.10001
Hungary;HU;3.40001
Malta;MT;4.10001
Netherlands;NL;7.60001
Austria;AT;2.20001
Poland;PL;-1.09999
Portugal;PT;0.30001
Romania;RO;-1.29999
Slovenia;SI;5.30001
Slovakia;SK;-0.89999
Finland;FI;-1.09999
Sweden;SE;4.20001
United Kingdom;GB;-4.99999
