geo\time,ISSO,2008
Belgium,BE,1.00001
Bulgaria,BG,-20.99999
Czechia,CZ,-2.99999
Denmark,DK,2.60001
Germany,DE,6.10001
Estonia,EE,-12.89999
Ireland,IE,-5.99999
Greece,GR,-13.89999
Spain,ES,-9.29999
France,FR,-0.19999
Croatia,HR,-7.59999
Italy,IT,-1.89999
Cyprus,CY,-11.79999
Latvia,LV,-17.89999
Lithuania,LT,-13.29999
Luxembourg,LU,9.10001
Hungary,HU,-6.99999
Malta,MT,-3.59999
Netherlands,NL,7.00001
Austria,AT,3.90001
Poland,PL,-5.69999
Portugal,PT,-10.79999
Romania,RO,-11.79999
Slovenia,SI,-3.79999
Slovakia,SK,-7.29999
Finland,FI,3.20001
Sweden,SE,8.10001
United Kingdom,GB,-3.59999
