geo\time;ISSO;2018
Belgium;BL;-0.39999
Bulgaria;BG;4.60001
Czechia;CZ;1.00001
Denmark;DK;7.30001
Germany;DE;7.90001
Estonia;EE;2.30001
Ireland;IE;4.50001
Greece;GR;-2.09999
Spain;ES;1.70001
France;FR;-0.49999
Croatia;HR;3.00001
Italy;IT;2.60001
Cyprus;CY;-6.79999
Latvia;LV;0.50001
Lithuania;LT;0.60001
Luxembourg;LU;4.90001
Hungary;HU;3.30001
Malta;MT;8.40001
Netherlands;NL;9.80001
Austria;AT;2.30001
Poland;PL;-0.39999
Portugal;PT;0.10001
Romania;RO;-3.29999
Slovenia;SI;6.50001
Slovakia;SK;-2.19999
Finland;FI;-1.09999
Sweden;SE;3.00001
United Kingdom;GB;-4.09999
