geo\time;ISSO;2012
Belgium;BE;0.20001
Bulgaria;BR;-0.69999
Czechia;CZ;-2.39999
Denmark;DK;6.50001
Germany;DE;6.30001
Estonia;EE;0.40001
Ireland;IE;-2.09999
Greece;GR;-8.39999
Spain;ES;-2.39999
France;FR;-0.79999
Croatia;HR;-0.69999
Italy;IT;-2.19999
Cyprus;CY;-7.09999
Latvia;LV;-1.59999
Lithuania;LT;-2.39999
Luxembourg;LU;6.10001
Hungary;HU;0.90001
Malta;MT;-2.89999
Netherlands;NL;8.60001
Austria;AT;2.00001
Poland;PL;-4.79999
Portugal;PT;-5.99999
Romania;RO;-4.99999
Slovenia;SI;0.70001
Slovakia;SK;-2.89999
Finland;FI;-0.99999
Sweden;SE;5.70001
United Kingdom;GB;-2.99999
