geo\time;ISSO;2010
Belgium;BE;-0.09999
Bulgaria;BG;-10.69999
Czechia;CZ;-2.59999
Denmark;DK;4.30001
Germany;DE;5.70001
Estonia;EE;-1.49999
Ireland;IE;-3.99999
Greece;GR;-12.89999
Spain;ES;-5.79999
France;FR;-0.59999
Croatia;HR;-5.19999
Italy;IT;-2.69999
Cyprus;CY;-11.49999
Latvia;LV;-0.79999
Lithuania;LT;-4.49999
Luxembourg;LU;7.10001
Hungary;HU;-2.49999
Malta;MT;-5.69999
Netherlands;NL;5.80001
Austria;AT;3.30001
Poland;PL;-5.29999
Portugal;PT;-10.89999
Romania;RO;-7.09999
Slovenia;SI;-1.99999
Slovakia;SK;-4.89999
Finland;FI;1.60001
Sweden;SE;6.60001
United Kingdom;GB;-3.69999
