geo\time;ISSO;2015
Belgium;BE;-0.69999
Bulgaria;BG;0.80001
Czechia;CZ;0.00001
Denmark;DK;8.30001
Germany;DE;7.40001
Estonia;EE;1.10001
Ireland;IE;2.30001
Greece;GR;-1.49999
Spain;ES;1.30001
France;FR;-0.59999
Croatia;HR;2.40001
Italy;IT;1.40001
Cyprus;CY;-3.59999
Latvia;LV;-1.59999
Lithuania;LT;0.60001
Luxembourg;LU;5.20001
Hungary;HU;2.70001
Malta;MT;2.90001
Netherlands;NL;8.20001
Austria;AT;2.00001
Poland;PL;-1.29999
Portugal;PT;0.60001
Romania;RO;-0.99999
Slovenia;SI;4.90001
Slovakia;SK;0.40001
Finland;FI;-1.59999
Sweden;SE;4.60001
United Kingdom;GB;-4.99999
