geo\time;ISSO;2017
Belgium;BE;-0.29999
Bulgaria;BG;3.00001
Czechia;CZ;1.00001
Denmark;DK;8.00001
Germany;DE;8.30001
Estonia;EE;2.30001
Ireland;IE;2.90001
Greece;GR;-1.39999
Spain;ES;1.80001
France;FR;-0.59999
Croatia;HR;3.60001
Italy;IT;2.20001
Cyprus;CY;-4.99999
Latvia;LV;0.60001
Lithuania;LT;-0.69999
Luxembourg;LU;5.00001
Hungary;HU;4.00001
Malta;MT;5.70001
Netherlands;NL;8.30001
Austria;AT;2.10001
Poland;PL;-0.29999
Portugal;PR;0.40001
Romania;RO;-2.19999
Slovenia;SI;5.70001
Slovakia;SK;-1.99999
Finland;FI;-0.69999
Sweden;SE;3.70001
United Kingdom;GB;-4.49999
