geo\time;ISSO;2009
Belgium;BE;0.00001
Bulgaria;BG;-18.09999
Czechia;CZ;-2.89999
Denmark;DK;2.60001
Germany;DE;6.10001
Estonia;EE;-7.09999
Ireland;IE;-5.79999
Greece;GR;-14.19999
Spain;ES;-7.69999
France;FR;-0.39999
Croatia;HR;-7.19999
Italy;IT;-1.99999
Cyprus;CY;-11.69999
Latvia;LV;-8.39999
Lithuania;LT;-9.19999
Luxembourg;LU;8.20001
Hungary;HU;-4.89999
Malta;MT;-4.29999
Netherlands;NL;5.80001
Austria;AT;3.60001
Poland;PL;-5.69999
Portugal;PT;-10.79999
Romania;RO;-9.89999
Slovenia;SI;-3.29999
Slovakia;SK;-5.29999
Finland;FI;2.50001
Sweden;SE;7.30001
United Kingdom;GB;-3.79999
