YEAR;Service;Credit;Debit;Weight
2000;Manufacturing services ;430.79;31.83;0.0424346719412442
2000;Maintenance and repair services;191.78;38.29;0.0188911566770162
2000;Transport;1499.13;1774.69;0.147670767072767
2000;Travel;5720.00;2422.40;0.563444656338161
2000;Construction;163.55;63.79;0.0161103799902284
2000;Insurance and pension services;71.07;101.85;0.00700070135069111
2000;Financial services;692.94;370.41;0.0682575769515674
2000;Intellectual property;27.16;297.08;0.00267537707450078
2000;Telecommunications and computers;245.09;321.17;0.0241424214723636
2000;Other business services;830.73;1019.87;0.0818304859020631
2000;Personal, cultural and recreational;147.68;258.95;0.0145471165818216
2000;Government;131.90;264.18;0.0129927185613642
