YEAR;Service;Credit;Debit;Weight
2017;Manufacturing services ;419.97;15.26;0.0138742382251335
2017;Maintenance and repair services;594.44;441.01;0.01963807455425
2017;Transport;6547.80;3603.74;0.216314824988759
2017;Travel;15153.36;4292.70;0.500610344908468
2017;Construction;642.63;114.75;0.0212300919366087
2017;Insurance and pension services;133.99;397.02;0.00442652851343106
2017;Financial services;345.13;444.64;0.0114018045066084
2017;Intellectual property;140.69;767.44;0.00464787145723274
2017;Telecommunications and computers;1432.67;922.25;0.0473300589994572
2017;Other business services;4432.72;3282.86;0.146440491619196
2017;Personal, cultural and recreational;284.97;230.50;0.00941434308883087
2017;Government;141.40;138.67;0.00467132720202367
