YEAR;Service;Credit;Debit;Weight
2011;Manufacturing services ;314.22;25.95;0.0162814026608191
2011;Maintenance and repair services;384.17;217.45;0.0199058826943125
2011;Transport;4982.94;3190.34;0.258192516627529
2011;Travel;8145.56;2973.57;0.422064611602896
2011;Construction;584.46;116.81;0.0302839685543325
2011;Insurance and pension services;100.62;279.35;0.00521365519614163
2011;Financial services;308.50;673.01;0.0159850191612969
2011;Intellectual property;47.57;431.68;0.00246485368396399
2011;Telecommunications and computers;824.57;837.22;0.042725339545642
2011;Other business services;3186.12;2036.55;0.16508975445767
2011;Personal, cultural and recreational;239.47;433.97;0.0124082092011532
2011;Government;181.12;71.46;0.0093847866142434
