YEAR;Service;Credit;Debit;Weight
2002;Manufacturing services ;376.71;55.39;0.0346036303912302
2002;Maintenance and repair services;303.40;112.44;0.0278695587074918
2002;Transport;1809.91;1836.75;0.166253767304801
2002;Travel;6093.82;2246.62;0.559762934221779
2002;Construction;227.03;116.57;0.0208544031422606
2002;Insurance and pension services;74.75;125.89;0.00686634645149971
2002;Financial services;266.03;336.96;0.02443684476913
2002;Intellectual property;24.57;333.11;0.00225693822492773
2002;Telecommunications and computers;302.41;390.71;0.0277786198046559
2002;Other business services;1147.72;932.33;0.105426664204886
2002;Personal, cultural and recreational;121.75;240.46;0.0111836478992654
2002;Government;138.32;159.04;0.0127057263032969
