YEAR;Service;Credit;Debit;Weight
2016;Manufacturing services ;371.12;26.17;0.0138868828228779
2016;Maintenance and repair services;460.87;346.45;0.0172452244195401
2016;Transport;5747.64;3066.51;0.215070066792643
2016;Travel;12680.55;3849.92;0.474491571404516
2016;Construction;723.73;124.40;0.0270811427716141
2016;Insurance and pension services;124.50;366.67;0.00465864656027241
2016;Financial services;326.66;480.58;0.0122232408464143
2016;Intellectual property;86.44;736.15;0.00323448521020038
2016;Telecommunications and computers;1338.74;962.17;0.0500941084024023
2016;Other business services;4520.62;2884.61;0.169156392074688
2016;Personal, cultural and recreational;221.00;276.16;0.00826956538008195
2016;Government;122.63;143.27;0.00458867331474864
