YEAR;Service;Credit;Debit;Weight
2009;Manufacturing services ;235.97;16.66;0.0145973977449102
2009;Maintenance and repair services;453.11;210.73;0.0280299482654417
2009;Transport;3920.85;2451.60;0.242548658507993
2009;Travel;6907.84;2712.26;0.427327575701151
2009;Construction;526.63;121.21;0.0325779869237702
2009;Insurance and pension services;106.48;203.28;0.00658698526032139
2009;Financial services;324.31;655.67;0.0200622200392077
2009;Intellectual property;111.54;404.67;0.00690000315492344
2009;Telecommunications and computers;719.25;769.11;0.0444936997416056
2009;Other business services;2483.74;1787.41;0.153647246153932
2009;Personal, cultural and recreational;223.91;447.66;0.0138513511423607
2009;Government;151.58;97.30;0.00937692736438314
