YEAR;Service;Credit;Debit;Weight
2001;Manufacturing services ;425.05;46.37;0.0401624450666004
2001;Maintenance and repair services;258.94;87.93;0.0244669180697459
2001;Transport;1672.10;1884.94;0.157994646267174
2001;Travel;6124.76;2363.19;0.578720943526906
2001;Construction;214.44;87.19;0.0202621684980162
2001;Insurance and pension services;65.67;89.59;0.00620507650282002
2001;Financial services;272.50;227.76;0.0257481855796932
2001;Intellectual property;22.98;280.16;0.00217135157659211
2001;Telecommunications and computers;252.58;329.21;0.0238659695916291
2001;Other business services;976.09;946.86;0.0922295283026891
2001;Personal, cultural and recreational;156.72;282.71;0.0148082775928423
2001;Government;141.44;197.34;0.013364489425291
