YEAR;Service;Credit;Debit;Weight
2003;Manufacturing services ;359.98;49.65;0.0331287214363939
2003;Maintenance and repair services;266.79;107.43;0.0245525073393398
2003;Transport;1965.09;1764.64;0.180845933683658
2003;Travel;5848.93;2130.55;0.538273161483881
2003;Construction;281.97;140.42;0.0259495127046502
2003;Insurance and pension services;84.68;142.08;0.00779304442256191
2003;Financial services;241.77;364.13;0.0222499332787293
2003;Intellectual property;26.03;272.14;0.00239552369295331
2003;Telecommunications and computers;379.24;405.62;0.0349012065046337
2003;Other business services;1155.67;974.07;0.106355546148112
2003;Personal, cultural and recreational;118.13;231.30;0.0108714258105484
2003;Government;137.81;149.98;0.0126825632011485
