YEAR;Service;Credit;Debit;Weight
2004;Manufacturing services ;385.67;55.53;0.0325220322918221
2004;Maintenance and repair services;314.04;100.14;0.0264817564781389
2004;Transport;2158.27;1871.98;0.181998409610473
2004;Travel;6195.47;2224.74;0.522439586701105
2004;Construction;358.21;128.51;0.0302064386321301
2004;Insurance and pension services;110.67;178.73;0.00933236527014276
2004;Financial services;283.85;413.97;0.023935952669468
2004;Intellectual property;21.96;290.66;0.00185180031925847
2004;Telecommunications and computers;435.59;425.79;0.0367315893017212
2004;Other business services;1290.69;1076.75;0.10883880482986
2004;Personal, cultural and recreational;154.50;282.57;0.013028376563089
2004;Government;149.81;138.51;0.012632887332792
