YEAR;Service;Credit;Debit;Weight
2005;Manufacturing services ;318.04;22.14;0.0261079716164877
2005;Maintenance and repair services;343.22;117.79;0.0281750032015183
2005;Transport;2422.92;1925.71;0.198898020969124
2005;Travel;6198.60;2454.26;0.50884439964143
2005;Construction;304.82;87.51;0.0250227389892396
2005;Insurance and pension services;82.20;177.05;0.00674781557940915
2005;Financial services;274.85;511.54;0.0225624952798127
2005;Intellectual property;37.24;280.61;0.00305703956419947
2005;Telecommunications and computers;506.60;461.15;0.041586902342198
2005;Other business services;1398.95;1198.42;0.114840104681441
2005;Personal, cultural and recreational;164.80;267.08;0.0135284672443629
2005;Government;129.48;131.34;0.0106290408907773
